SALE TYPE,SOLD DATE,PROPERTY TYPE,ADDRESS,CITY,STATE,ZIP,PRICE,BEDS,BATHS,LOCATION,SQUARE FEET,LOT SIZE,YEAR BUILT,DAYS ON MARKET,$/SQUARE FEET,HOA/MONTH,STATUS,NEXT OPEN HOUSE START TIME,NEXT OPEN HOUSE END TIME,URL (SEE http://www.redfin.com/buy-a-home/comparative-market-analysis FOR INFO ON PRICING),SOURCE,MLS#,FAVORITE,INTERESTED,LATITUDE,LONGITUDE
MLS Listing,,Single Family Residential,6500 Tealbriar Dr,Raleigh,NC,27615,279900,3,3.0,Tealbriar,1568,9147,1988,1,179,27,Active,,,http://www.redfin.com/NC/Raleigh/6500-Tealbriar-Dr-27615/home/41158239,TMLS,2191255,N,Y,35.869097,-78.6108126
MLS Listing,,Single Family Residential,8605 Vanburgh Ct,Raleigh,NC,27615,275000,4,3.0,Windsor Forest,2156,10018,1991,1,128,15,Active,,,http://www.redfin.com/NC/Raleigh/8605-Vanburgh-Ct-27615/home/41184211,TMLS,2191118,N,Y,35.8967472,-78.5774629
MLS Listing,,Single Family Residential,6701 Pointe Vista Cir,Raleigh,NC,27615,372000,3,2.0,LaCrosse Pointe,2233,7405,1997,1,167,24,Active,,,http://www.redfin.com/NC/Raleigh/6701-Pointe-Vista-Cir-27615/home/41342602,TMLS,2191087,N,Y,35.8708121,-78.6336012
MLS Listing,,Single Family Residential,512 Ellis Ct,Raleigh,NC,27603,290000,3,2.0,Caraleigh,1152,6534,1993,1,252,,Active,,,http://www.redfin.com/NC/Raleigh/512-Ellis-Ct-27603/home/41173715,TMLS,2191077,N,Y,35.763214,-78.6530433
MLS Listing,,Single Family Residential,3905 Yew Cir,Raleigh,NC,27612,360000,5,3.0,Laurel Hills,2285,22651,1964,1,158,,Active,May-13-2018 03:00 PM,May-13-2018 05:00 PM,http://www.redfin.com/NC/Raleigh/3905-Yew-Cir-27612/home/41074662,TMLS,2190992,N,Y,35.8361643,-78.7049701
MLS Listing,,Single Family Residential,5412 Mapleridge Rd,Raleigh,NC,27609,350000,4,3.0,Cedar Hills,2700,11325,1973,1,130,,Active,,,http://www.redfin.com/NC/Raleigh/5412-Mapleridge-Rd-27609/home/41127552,TMLS,2190966,N,Y,35.856277,-78.626876
MLS Listing,,Single Family Residential,8701 Stonegate Dr,Raleigh,NC,27615,350000,4,3.0,Muirfield,2800,46609,1984,1,125,30,Active,,,http://www.redfin.com/NC/Raleigh/8701-Stonegate-Dr-27615/home/41138814,TMLS,2190918,N,Y,35.9004721,-78.6075067
MLS Listing,,Single Family Residential,11613 Strickland Rd,Raleigh,NC,27613-1242,289900,3,2.0,Wildwood Springs,1680,26136,1963,1,173,,Active,,,http://www.redfin.com/NC/Raleigh/11613-Strickland-Rd-27613/home/41068319,TMLS,2190912,N,Y,35.9048486,-78.6908979
MLS Listing,,Single Family Residential,4540 Raleigh Dalton Rd,Dallas,TX,75227,250000,3,2.5,Chariot Village,1797,8712,2018,2,139,,Active,,,http://www.redfin.com/TX/Dallas/4540-Raleigh-Dalton-Rd-75227/home/145605746,NTREIS,13840017,N,Y,35.913981,-78.645986
MLS Listing,,Single Family Residential,5912 Royal Coach Ct,Raleigh,NC,27612,279900,3,2.0,Westborough,1802,12196,2003,2,155,,Active,,,http://www.redfin.com/NC/Raleigh/5912-Royal-Coach-Ct-27612/home/41279865,TMLS,2190776,N,Y,35.8631387,-78.725707
MLS Listing,,Single Family Residential,6905 Englehardt Dr,Raleigh,NC,27617,319900,3,3.0,Woodlawn,1962,7840,1998,2,163,35,Active,,,http://www.redfin.com/NC/Raleigh/6905-Englehardt-Dr-27617/home/41265656,TMLS,2190723,N,Y,35.912631,-78.7491041
MLS Listing,,Single Family Residential,8404 Whisper Ridge Pl,Raleigh,NC,27613,300000,3,3.0,Cornerstone Park,2002,5227,2003,2,150,33,Active,,,http://www.redfin.com/NC/Raleigh/8404-Whisper-Ridge-Pl-27613/home/41281430,TMLS,2190721,N,Y,35.8904835,-78.7335609
MLS Listing,,Single Family Residential,6710 Brookmeade Pl,Raleigh,NC,27612-6803,339900,3,3.0,Hidden Valley,2144,35719,1972,2,159,,Active,,,http://www.redfin.com/NC/Raleigh/6710-Brookmeade-Pl-27612/home/41096302,TMLS,2190704,N,Y,35.8725829,-78.6675382
MLS Listing,,Single Family Residential,7801 Audubon Dr,Raleigh,NC,27615,350000,4,3.0,North Ridge,2220,13503,1971,2,158,,Active,,,http://www.redfin.com/NC/Raleigh/7801-Audubon-Dr-27615/home/41079752,TMLS,2190586,N,Y,35.8908866,-78.6183501
MLS Listing,,Single Family Residential,109 Cupp Ct,Raleigh,NC,27603,260000,3,3.0,Eagle Ridge,2338,5662,2005,2,111,42,Active,,,http://www.redfin.com/NC/Raleigh/109-Cupp-Ct-27603/home/41292291,TMLS,2190580,N,Y,35.6680574,-78.6630767
MLS Listing,,Single Family Residential,7012 Saddle Springs Ct,Raleigh,NC,27615,372000,4,3.0,North Ridge,2400,9583,1988,2,155,,Active,,,http://www.redfin.com/NC/Raleigh/7012-Saddle-Springs-Ct-27615/home/41173339,TMLS,2190577,N,Y,35.8749227,-78.5973931
MLS Listing,,Single Family Residential,1112 Shadyside Dr,Raleigh,NC,27612,250000,3,2.0,Hidden Valley,1630,18295,1974,3,153,,Active,,,http://www.redfin.com/NC/Raleigh/1112-Shadyside-Dr-27612/home/41118758,TMLS,2190546,N,Y,35.8679249,-78.6604641
MLS Listing,,Single Family Residential,8215 Gresham Trace Ln,Raleigh,NC,27615-8058,286900,3,3.0,Gresham Trace,2030,7840,1999,3,141,17,Active,,,http://www.redfin.com/NC/Raleigh/8215-Gresham-Trace-Ln-27615/home/41228092,TMLS,2190370,N,Y,35.8883333,-78.5940061
MLS Listing,,Single Family Residential,317 Coorsdale Dr,Cary,NC,27511-6643,365000,5,4.0,Ridgepath,2822,12632,1988,3,129,,Active,,,http://www.redfin.com/NC/Cary/317-Coorsdale-Dr-27511/home/41168063,TMLS,2190325,N,Y,35.7503714,-78.7754658
MLS Listing,,Single Family Residential,3850 Cumberland Pond Rd,Raleigh,NC,27606-4867,370000,4,3.0,Crossings at Tryon,2181,4356,2013,4,170,38,Active,,,http://www.redfin.com/NC/Raleigh/3850-Cumberland-Pond-Rd-27606/home/59277373,TMLS,2190317,N,Y,35.7471032,-78.7041506
MLS Listing,,Single Family Residential,0 Hill St,Raleigh,NC,27610,399000,3,3.0,College Park,1656,4356,2018,4,241,,Active,,,http://www.redfin.com/NC/Raleigh/0-Hill-St-27610/home/44523457,TMLS,2190240,N,Y,35.7800885,-78.6176556
MLS Listing,,Single Family Residential,800 Blue Thorn Dr,Apex,NC,27539-9106,365000,4,3.0,West Lake,3138,10018,2009,4,116,75,Active,,,http://www.redfin.com/NC/Apex/800-Blue-Thorn-Dr-27539/home/41327789,TMLS,2190203,N,Y,35.6650064,-78.7544839
MLS Listing,,Single Family Residential,5830 Bayberry Ln,Raleigh,NC,27612-2881,400000,3,3.0,Hedgemoor,2777,14374,1980,5,144,,Active,,,http://www.redfin.com/NC/Raleigh/5830-Bayberry-Ln-27612/home/41138949,TMLS,2190074,N,Y,35.8616532,-78.6746872
MLS Listing,,Single Family Residential,8824 Miranda Dr,Raleigh,NC,27617,300000,3,3.0,Dominion Park,1972,7840,1997,5,152,43,Active,,,http://www.redfin.com/NC/Raleigh/8824-Miranda-Dr-27617/home/41207001,TMLS,2190071,N,Y,35.9132711,-78.7434362
MLS Listing,,Single Family Residential,216 Northclift Dr,Raleigh,NC,27609,309900,3,2.0,Northclift,1948,11325,1968,5,159,,Active,May-13-2018 01:00 PM,May-13-2018 03:00 PM,http://www.redfin.com/NC/Raleigh/216-Northclift-Dr-27609/home/41119097,TMLS,2190055,N,Y,35.8624599,-78.6398959
MLS Listing,,Single Family Residential,152 Whitetail Deer Ln,Garner,NC,27529,361682,4,3.0,Wake,2558,8712,2018,5,141,,Active,,,http://www.redfin.com/NC/Garner/2640-Timber-Dr-27529/home/145578769,TMLS,2189902,N,Y,35.7149798,-78.6359436
MLS Listing,,Single Family Residential,10008 Quillstone Ct,Raleigh,NC,27613,360000,3,3.0,Still Wtr Landing,2197,12196,1994,5,164,8,Active,May-13-2018 01:00 PM,May-13-2018 04:00 PM,http://www.redfin.com/NC/Raleigh/10008-Quillstone-Ct-27613/home/41182613,TMLS,2189855,N,Y,35.9146891,-78.6972557
MLS Listing,,Single Family Residential,3309 Manor Ridge Dr,Raleigh,NC,27603,275000,3,3.0,Lakewood Estates,2733,66211,1983,8,101,,Active,,,http://www.redfin.com/NC/Raleigh/3309-Manor-Ridge-Dr-27603/home/41135726,TMLS,2189577,N,Y,35.6858719,-78.6975702
MLS Listing,,Single Family Residential,9608 Leslieshire Dr,Raleigh,NC,27615,289900,4,3.0,Windsor Forest,2139,11761,1993,8,136,30,Active,,,http://www.redfin.com/NC/Raleigh/9608-Leslieshire-Dr-27615/home/41185714,TMLS,2189524,N,Y,35.8971652,-78.5756887
MLS Listing,,Single Family Residential,201 Mccleary Ct,Cary,NC,27513,365000,4,3.0,Braeloch,2513,8276,1995,8,145,13,Active,,,http://www.redfin.com/NC/CARY/201-MCCLEARY-CT-27513/home/41258370,TMLS,2189474,N,Y,35.798824,-78.7607
MLS Listing,,Single Family Residential,3800 Bland Rd,Raleigh,NC,27609,395000,3,2.0,Greenwood Farms,1868,13895,1966,8,211,,Active,,,http://www.redfin.com/NC/Raleigh/3800-Bland-Rd-27609/home/41087467,TMLS,2189301,N,Y,35.8344095,-78.611343
MLS Listing,,Single Family Residential,5105 Laurie Dr,Raleigh,NC,27606,375000,3,3.0,Penn Shaw Pines,2362,42688,1979,9,159,,Active,,,http://www.redfin.com/NC/Raleigh/5105-Laurie-Dr-27606/home/41126834,TMLS,2189243,N,Y,35.7198835,-78.7249247
MLS Listing,,Single Family Residential,2449 Milburnie Rd,Raleigh,NC,27610,315000,3,3.0,Lockwood,1568,11325,1963,9,201,,Active,,,http://www.redfin.com/NC/Raleigh/2449-Milburnie-Rd-27610/home/41095065,TMLS,2189207,N,Y,35.7885937,-78.5996825
MLS Listing,,Single Family Residential,239 Mediate Dr,Raleigh,NC,27603,289900,3,3.0,Eagle Ridge,2779,15246,2006,9,104,42,Active,,,http://www.redfin.com/NC/Raleigh/239-Mediate-Dr-27603/home/41268771,TMLS,2189182,N,Y,35.6668065,-78.6632667
MLS Listing,,Single Family Residential,2416 Deanwood Dr,Raleigh,NC,27615,289000,4,3.0,Durant Trace,1773,14810,1996,9,163,11,Active,,,http://www.redfin.com/NC/Raleigh/2416-Deanwood-Dr-27615/home/41207842,TMLS,2189181,N,Y,35.8996366,-78.5983965
MLS Listing,,Single Family Residential,123 Zulabelle Ct,Garner,NC,27529,280990,3,3.0,Wake,2234,12283,2018,9,126,53,Active,,,http://www.redfin.com/NC/Garner/123-Zulabelle-Ct-27529/home/145553385,TMLS,2189088,N,Y,35.6950141,-78.599224
MLS Listing,,Single Family Residential,115 Omaha Falls Ct,Garner,NC,27529,265990,3,3.0,Wake,1890,11456,2018,9,141,53,Active,,,http://www.redfin.com/NC/Garner/115-Omaha-Falls-Ct-27529/home/145552868,TMLS,2189030,N,Y,35.6947024551955,-78.5990452766418
MLS Listing,,Single Family Residential,5101 Centerbud Pl,Raleigh,NC,27606,399900,3,3.0,Wake,2050,6098,2018,9,195,45,Active,,,http://www.redfin.com/NC/RALEIGH/5101-CENTERBUD-PL-27606/home/143715667,TMLS,2189020,N,Y,35.78559,-78.7098
MLS Listing,,Single Family Residential,112 Whitby Ct,Cary,NC,27511,289000,3,3.0,Beaver Pond,1811,12196,1985,11,160,,Active,,,http://www.redfin.com/NC/Cary/112-Whitby-Ct-27511/home/41157629,TMLS,2188588,N,Y,35.7605429,-78.7554802
MLS Listing,,Single Family Residential,5912 Pine Tree Ct,Raleigh,NC,27609,279000,3,2.0,Northclift,1600,13503,1974,11,174,,Active,,,http://www.redfin.com/NC/Raleigh/5912-Pine-Tree-Ct-27609/home/41122915,TMLS,2188309,N,Y,35.8611148,-78.6512724
MLS Listing,,Single Family Residential,4800 Theys Rd,Raleigh,NC,27606,299900,3,2.0,Pen Shaw Pines,1913,54014,1977,12,157,,Active,,,http://www.redfin.com/NC/Raleigh/4800-Theys-Rd-27606/home/41123347,TMLS,2188201,N,Y,35.721218,-78.724324
MLS Listing,,Single Family Residential,2108 Longwood Dr,Raleigh,NC,27612,344900,3,3.0,Arlington Hills,1964,8276,1994,12,176,18,Active,May-13-2018 02:00 PM,May-13-2018 04:00 PM,http://www.redfin.com/NC/Raleigh/2108-Longwood-Dr-27612/home/41202094,TMLS,2188140,N,Y,35.8620821,-78.673444
MLS Listing,,Single Family Residential,115 Zulabelle Ct,Garner,NC,27529,274990,3,3.0,Wake,2231,9844,2018,13,123,28,Active,,,http://www.redfin.com/NC/Garner/115-Zulabelle-Ct-27529/home/145541513,TMLS,2188050,N,Y,35.6950141,-78.599224
MLS Listing,,Single Family Residential,12 Hill St,Raleigh,NC,27610,399000,3,3.0,College Park,1656,4356,2018,14,241,,Active,,,http://www.redfin.com/NC/Raleigh/12-Hill-St-27610/home/144826925,TMLS,2187964,N,Y,35.780743,-78.617391
MLS Listing,,Single Family Residential,1412 Rodessa Run,Raleigh,NC,27607,375000,3,3.0,Inside Wade Townhomes,1847,3484,2011,15,203,110,Active,,,http://www.redfin.com/NC/Raleigh/1412-Rodessa-Run-27607/home/41361782,TMLS,2187820,N,Y,35.8088271,-78.7353792
MLS Listing,,Single Family Residential,504 E Millbrook Rd,Raleigh,NC,27609,260000,3,2.0,Lakemont,1203,11325,1965,15,216,,Active,,,http://www.redfin.com/NC/Raleigh/504-E-Millbrook-Rd-27609/home/41080162,TMLS,2187800,N,Y,35.8513289,-78.6298773
MLS Listing,,Single Family Residential,2909 Rue Sans Famille,Raleigh,NC,27607,356500,3,3.0,Sans Famille,2101,5662,1981,15,170,42,Active,,,http://www.redfin.com/NC/Raleigh/2909-Rue-Sans-Famille-27607/home/41141084,TMLS,2187747,N,Y,35.822783,-78.688297
MLS Listing,,Single Family Residential,653 Rose Mallow Dr,Zebulon,NC,27597,261990,4,3.0,Wake,2800,6795,2018,15,94,50,Active,,,http://www.redfin.com/NC/Zebulon/653-Rose-Mallow-Dr-27597/home/145252807,TMLS,2187732,N,Y,35.760418024777,-78.600038200505
MLS Listing,,Single Family Residential,2812 Bardwell Rd,Raleigh,NC,27604,254900,3,2.0,Brentwood,1916,12196,1960,15,133,,Active,,,http://www.redfin.com/NC/Raleigh/2812-Bardwell-Rd-27604/home/41102414,TMLS,2187664,N,Y,35.8211261,-78.5985295
MLS Listing,,Single Family Residential,425 Waterville St,Raleigh,NC,27603,369900,4,3.0,Eagle Ridge,2950,14810,2016,16,125,42,Active,,,http://www.redfin.com/NC/Raleigh/425-Waterville-St-27603/home/65302791,TMLS,2187603,N,Y,35.6739253,-78.666068
MLS Listing,,Single Family Residential,7220 Madiera Ct,Raleigh,NC,27615,329900,3,2.0,North Ridge,1477,16552,1969,16,223,,Active,,,http://www.redfin.com/NC/Raleigh/7220-Madiera-Ct-27615/home/41104518,TMLS,2187523,N,Y,35.8902219,-78.6234046
MLS Listing,,Single Family Residential,1419 Joe Louis Ave,Raleigh,NC,27610,399900,4,3.0,Joe Louis Park,1612,6098,2018,16,248,,Active,,,http://www.redfin.com/NC/Raleigh/1419-Joe-Louis-Ave-27610/home/144220650,TMLS,2187298,N,Y,35.7708493,-78.617585
MLS Listing,,Single Family Residential,5522 Wade Park Blvd,Raleigh,NC,27607,385000,4,4.0,Inside Wade Townhomes,1825,3484,2013,17,211,110,Active,,,http://www.redfin.com/NC/Raleigh/5522-Wade-Park-Blvd-27607/home/49879783,TMLS,2187220,N,Y,35.8082947,-78.7347635
MLS Listing,,Single Family Residential,157 Whitetail Deer Ln,Garner,NC,27529,378269,4,3.0,Wake,3123,9147,2018,17,121,,Active,,,http://www.redfin.com/NC/Garner/157-Whitetail-Deer-Ln-27529/home/145500307,TMLS,2187163,N,Y,35.6729,-78.595
MLS Listing,,Single Family Residential,117 Whitetail Deer Ln,Garner,NC,27529,383389,4,3.0,Wake,3123,9147,2018,19,123,,Active,,,http://www.redfin.com/NC/Garner/117-Whitetail-Deer-Ln-27529/home/145252812,TMLS,2186765,N,Y,35.676142448439,-78.622048593852
MLS Listing,,Single Family Residential,8513 Erinsbrook Dr,Raleigh,NC,27617-8337,310000,3,2.0,Woodlawn,2153,7840,1997,19,144,35,Active,,,http://www.redfin.com/NC/Raleigh/8513-Erinsbrook-Dr-27617/home/41222596,TMLS,2186652,N,Y,35.9162412,-78.7477311
MLS Listing,,Single Family Residential,8905 Cub Trl,Raleigh,NC,27615,269900,3,3.0,Durant Trails,1574,11325,1988,21,171,25,Active,,,http://www.redfin.com/NC/Raleigh/8905-Cub-Trl-27615/home/41170376,TMLS,2186454,N,Y,35.8988572,-78.5930876
MLS Listing,,Single Family Residential,416 E Millbrook Rd,Raleigh,NC,27609,310000,4,3.0,North Glen,1894,13503,1968,22,164,,Active,,,http://www.redfin.com/NC/Raleigh/416-E-Millbrook-Rd-27609/home/41072995,TMLS,2186256,N,Y,35.851406,-78.6324485
MLS Listing,,Single Family Residential,2013 Mallard Ln,Raleigh,NC,27609,349800,4,3.0,Fox Run,2669,13503,1973,23,131,,Active,,,http://www.redfin.com/NC/Raleigh/2013-Mallard-Ln-27609/home/41084029,TMLS,2186085,N,Y,35.8608467,-78.6071766
MLS Listing,,Single Family Residential,3815 Yates Mill Trl,Raleigh,NC,27606,340000,3,3.0,Crossings at Tryon,1800,4356,2011,23,189,17,Active,,,http://www.redfin.com/NC/Raleigh/3815-Yates-Mill-Trl-27606/home/41316027,TMLS,2186018,N,Y,35.7456169,-78.7040177
MLS Listing,,Single Family Residential,4105 Ridgebluffs Ct,Raleigh,NC,27603-8822,375000,3,3.0,Ridgebrook,2496,47480,1993,23,150,,Active,,,http://www.redfin.com/NC/Raleigh/4105-Ridgebluffs-Ct-27603/home/41179443,TMLS,2185826,N,Y,35.6645761,-78.7110099
MLS Listing,,Single Family Residential,290 Easy Wind Ln,Garner,NC,27529,332000,3,2.0,The Village at Aversboro,1850,6534,2008,24,179,100,Active,,,http://www.redfin.com/NC/Garner/290-Easy-Wind-Ln-27529/home/41322381,TMLS,2185799,N,Y,35.679499,-78.6174857
MLS Listing,,Single Family Residential,312 Colleton Rd,Raleigh,NC,27610,314900,3,3.0,Longview Park,1724,13068,1950,24,183,,Active,,,http://www.redfin.com/NC/Raleigh/312-Colleton-Rd-27610/home/41082260,TMLS,2185632,N,Y,35.7851442,-78.6124532
MLS Listing,,Single Family Residential,7105 Kinross Dr,Raleigh,NC,27613,250000,3,3.0,Brittany Woods,1439,6969,1990,24,174,38,Active,,,http://www.redfin.com/NC/Raleigh/7105-Kinross-Dr-27613/home/41163752,TMLS,2185582,N,Y,35.8768023,-78.711691
MLS Listing,,Single Family Residential,5517 Mapleridge Rd,Raleigh,NC,27609,359000,4,3.0,Cedar Hills Estates,2084,9147,1973,25,172,,Active,,,http://www.redfin.com/NC/Raleigh/5517-Mapleridge-Rd-27609/home/41116740,TMLS,2185562,N,Y,35.85715,-78.6255659
MLS Listing,,Single Family Residential,301 Coorsdale Dr,Cary,NC,27511,320000,4,3.0,Ridgepath,1964,13068,1992,27,163,,Active,,,http://www.redfin.com/NC/Cary/301-Coorsdale-Dr-27511/home/41169171,TMLS,2185120,N,Y,35.7521515,-78.7741329
MLS Listing,,Single Family Residential,8613 Hobhouse Cir,Raleigh,NC,27615,289000,4,3.0,Windsor Forest,2545,7405,1997,28,114,15,Active,,,http://www.redfin.com/NC/Raleigh/8613-Hobhouse-Cir-27615/home/41205378,TMLS,2184985,N,Y,35.894052,-78.5741141
MLS Listing,,Single Family Residential,101 Zaharis Cv,Raleigh,NC,27603,350000,4,3.0,Eagle Ridge,2395,17424,2004,29,146,42,Active,,,http://www.redfin.com/NC/Raleigh/101-Zaharis-Cv-27603/home/41264586,TMLS,2184939,N,Y,35.6671751,-78.6724272
MLS Listing,,Single Family Residential,5709 Lakehaven Dr,Raleigh,NC,27612,329900,3,2.0,Brandermill,1757,10454,1983,29,188,,Active,,,http://www.redfin.com/NC/Raleigh/5709-Lakehaven-Dr-27612/home/41148213,TMLS,2184911,N,Y,35.8636564,-78.6687935
MLS Listing,,Single Family Residential,107 Twin Ct,Garner,NC,27529,324900,5,3.0,Lynwood Estates,3001,12196,2012,29,108,54,Active,,,http://www.redfin.com/NC/Garner/107-Twin-Ct-27529/home/41363120,TMLS,2184866,N,Y,35.6705598,-78.583229
MLS Listing,,Single Family Residential,1000 Canterbury Rd,Raleigh,NC,27607,369900,3,2.0,Forest Hills,1072,8712,1951,29,345,,Active,,,http://www.redfin.com/NC/Raleigh/1000-Canterbury-Rd-27607/home/41114409,TMLS,2184862,N,Y,35.7986849,-78.6688821
MLS Listing,,Single Family Residential,8808 Deerland Grove Dr,Raleigh,NC,27615,384900,4,3.0,Hunters Knoll,2979,13939,1995,29,129,12,Active,,,http://www.redfin.com/NC/Raleigh/8808-Deerland-Grove-Dr-27615/home/41208631,TMLS,2184746,N,Y,35.8977977,-78.580967
MLS Listing,,Single Family Residential,5313 Country Ct,Raleigh,NC,27609,320000,3,2.0,Quail Meadows,1655,11761,1970,29,193,,Active,,,http://www.redfin.com/NC/Raleigh/5313-Country-Ct-27609/home/41075061,TMLS,2184704,N,Y,35.853602,-78.615823
MLS Listing,,Single Family Residential,1136 Chapanoke Rd,Raleigh,NC,27603-3475,396382,4,4.0,Renaissance Park,2944,5227,2007,30,135,77,Active,,,http://www.redfin.com/NC/Raleigh/1136-Chapanoke-Rd-27603/home/41324732,TMLS,2184616,N,Y,35.7364548,-78.6616833
MLS Listing,,Single Family Residential,11 St Augustine Ave,Raleigh,NC,27610,379700,3,3.0,College Park,1504,5662,2018,30,252,,Active,,,http://www.redfin.com/NC/Raleigh/11-Saint-Augustine-27610/home/145308866,TMLS,2184529,N,Y,35.7805899,-78.619237
MLS Listing,,Single Family Residential,103 N Pettigrew St,Raleigh,NC,27610,397500,3,3.0,College Park,1780,4486,2017,30,223,,Active,,,http://www.redfin.com/NC/Raleigh/103-N-Pettigrew-St-27610/home/86032833,TMLS,2184479,N,Y,35.781447,-78.620895
MLS Listing,,Single Family Residential,6324 Tryon Rd,Cary,NC,27518-7048,259900,3,3.0,Pink Acres,1750,22651,1965,30,149,,Active,,,http://www.redfin.com/NC/Cary/6324-Tryon-Rd-27518/home/41097589,TMLS,2184477,N,Y,35.7458041,-78.7568084
MLS Listing,,Single Family Residential,1119 Martin St,Raleigh,NC,27610,379900,3,2.0,Wake,1426,6969,1925,30,266,,Active,,,http://www.redfin.com/NC/Raleigh/1119-E-Martin-St-27610/home/41114885,TMLS,2184406,N,Y,35.7764961,-78.620999
MLS Listing,,Single Family Residential,1504 Stratlen Ct,Raleigh,NC,27615,375000,4,3.0,North Ridge,3035,25264,1972,30,124,,Active,,,http://www.redfin.com/NC/Raleigh/1504-Stratlen-Ct-27615/home/41341306,TMLS,2184397,N,Y,35.8918035,-78.6125666
MLS Listing,,Single Family Residential,4825 Latimer Dr,Raleigh,NC,27609,325000,4,3.0,Lakemont,1974,12196,1966,31,165,,Active,,,http://www.redfin.com/NC/Raleigh/4825-Latimer-Rd-27609/home/41118273,TMLS,2184109,N,Y,35.8479939,-78.6284143
MLS Listing,,Single Family Residential,5800 Valley Estates Dr,Raleigh,NC,27612,330000,3,3.0,Fieldstream Farm,2631,16988,1983,31,125,,Active,,,http://www.redfin.com/NC/Raleigh/5800-Valley-Estates-Dr-27612/home/41143334,TMLS,2184080,N,Y,35.8650902,-78.6697241
MLS Listing,,Single Family Residential,908 Temple St,Raleigh,NC,27609,399900,4,3.0,Chestnut Hills,2323,20037,1966,31,172,,Active,,,http://www.redfin.com/NC/Raleigh/908-Temple-St-27609/home/41112181,TMLS,2184061,N,Y,35.8561417,-78.6516864
MLS Listing,,Single Family Residential,2320 Derby Dr,Raleigh,NC,27610,375000,4,4.0,Longview Park,2262,13068,1953,31,166,,Active,,,http://www.redfin.com/NC/Raleigh/2320-Derby-Dr-27610/home/41098517,TMLS,2184058,N,Y,35.7870057,-78.606021
MLS Listing,,Single Family Residential,3216 Hiking Trl,Raleigh,NC,27615,289750,3,3.0,Durant Trails,1912,11761,1990,32,152,25,Active,,,http://www.redfin.com/NC/Raleigh/3216-Hiking-Trl-27615/home/41180215,TMLS,2184048,N,Y,35.9011774,-78.5859788
MLS Listing,,Single Family Residential,141 Whitetail Deer Ln,Garner,NC,27529,384909,4,3.0,Wake,3123,9147,2018,33,123,,Active,,,http://www.redfin.com/NC/Garner/141-Whitetail-Deer-Ln-27529/home/145296248,TMLS,2183827,N,Y,35.6777,-78.62195
MLS Listing,,Single Family Residential,133 Whitetail Deer Ln,Garner,NC,27529,350874,4,3.0,Wake,2466,9626,2018,33,142,,Active,,,http://www.redfin.com/NC/Garner/133-Whitetail-Deer-Ln-27529/home/145296118,TMLS,2183823,N,Y,35.67719,-78.62217
MLS Listing,,Single Family Residential,4128 Yadkin Dr,Raleigh,NC,27609-6335,399900,3,2.0,North Hills,1821,15681,1960,33,220,,Active,,,http://www.redfin.com/NC/Raleigh/4128-Yadkin-Dr-27609/home/41073596,TMLS,2183789,N,Y,35.8390739,-78.6549258
MLS Listing,,Single Family Residential,112 St Mellion St,Raleigh,NC,27603,400000,5,4.0,Eagle Ridge,3114,18295,2015,35,128,42,Active,,,http://www.redfin.com/NC/Raleigh/112-Saint-Mellion-St-27603/home/44551447,TMLS,2183575,N,Y,35.6732909,-78.6671538
MLS Listing,,Single Family Residential,909 Cindy St,Cary,NC,27511,359000,4,3.0,Greenwood Forest,2369,16552,1964,36,152,,Active,,,http://www.redfin.com/NC/Cary/909-Cindy-St-27511/home/41117160,TMLS,2183452,N,Y,35.7716946,-78.7710642
MLS Listing,,Single Family Residential,418 N King Charles Rd,Raleigh,NC,27610,374900,3,3.0,Longview,1504,15246,1951,36,249,,Active,,,http://www.redfin.com/NC/Raleigh/418-N-King-Charles-Rd-27610/home/41075175,TMLS,2183258,N,Y,35.7864604,-78.610738
MLS Listing,,Single Family Residential,101 Benning Hills Pl,Garner,NC,27529,284325,3,3.0,Wake,2144,9365,2018,36,133,54,Active,,,http://www.redfin.com/NC/Garner/101-Benning-Hills-Pl-27529/home/145280509,TMLS,2183257,N,Y,35.712428,-78.618721
MLS Listing,,Single Family Residential,803 Postell St,Raleigh,NC,27601-2037,399900,3,3.0,Wake,1484,6098,1956,36,269,,Active,,,http://www.redfin.com/NC/Raleigh/803-Postell-St-27601/home/145280496,TMLS,2183254,N,Y,35.773612,-78.6246801
MLS Listing,,Single Family Residential,5617 Deblyn Ave,Raleigh,NC,27612,279900,4,2.0,Brookhaven,2113,16552,1960,36,132,,Active,,,http://www.redfin.com/NC/Raleigh/5617-Deblyn-Ave-27612/home/41085889,TMLS,2183168,N,Y,35.8567941,-78.6987902
MLS Listing,,Single Family Residential,556 Coalyard Dr,Garner,NC,27529,299900,4,3.0,Tunbridge,2700,12196,2007,37,111,38,Active,,,http://www.redfin.com/NC/Garner/556-Coalyard-Dr-27529/home/41326381,TMLS,2182998,N,Y,35.6713979,-78.5827411
MLS Listing,,Single Family Residential,6508 Valley Estates Dr,Raleigh,NC,27612,325000,3,3.0,Wake,1950,17859,1982,39,167,,Active,,,http://www.redfin.com/NC/Raleigh/6508-Valley-Estates-Dr-27612/home/41134545,TMLS,2182441,N,Y,35.8707058,-78.6770837
MLS Listing,,Single Family Residential,140 Whitetail Deer Ln,Garner,NC,27529,363420,4,3.0,Wake,2561,10367,2018,40,142,,Active,,,http://www.redfin.com/NC/Garner/140-Whitetail-Deer-Ln-27529/home/145252813,TMLS,2182326,N,Y,35.677571623461,-78.621665303842
MLS Listing,,Single Family Residential,114 Wind Ln,Cary,NC,27518,369900,3,3.0,Windsong,2778,4356,1986,40,133,259,Active,,,http://www.redfin.com/NC/Cary/114-E-Wind-Ln-27518/home/41156221,TMLS,2182190,N,Y,35.7309344,-78.7728792
MLS Listing,,Single Family Residential,8680 Forester Ln,Apex,NC,27539,399900,4,4.0,Belmont,3408,12632,2012,40,117,29,Active,,,http://www.redfin.com/NC/Apex/8680-Forester-Ln-27539/home/44525592,TMLS,2179694,N,Y,35.6674713,-78.7491041
MLS Listing,,Single Family Residential,137 Whitetail Deer Ln,Garner,NC,27529,390235,4,4.0,Wake,3245,8712,2018,43,120,,Active,,,http://www.redfin.com/NC/Garner/137-Whitetail-Deer-Ln-27529/home/145251320,TMLS,2181872,N,Y,35.677492109819,-78.621791042941
MLS Listing,,Single Family Residential,3208 Brennan Dr,Raleigh,NC,27613,379000,3,4.0,Brandon Station,2975,29620,1979,43,127,,Active,,,http://www.redfin.com/NC/Raleigh/3208-Brennan-Dr-27613/home/41226597,TMLS,2181814,N,Y,35.8983996,-78.6881683
MLS Listing,,Single Family Residential,612 E Park St,Cary,NC,27511,269900,3,2.0,Iron Gate,1493,13068,1975,44,181,,Active,,,http://www.redfin.com/NC/Cary/612-E-Park-St-27511/home/41119857,TMLS,2181656,N,Y,35.7844246,-78.7673344
MLS Listing,,Single Family Residential,125 Whitetail Deer Ln,Garner,NC,27529,389578,4,4.0,Wake,3195,8712,2018,44,122,,Active,,,http://www.redfin.com/NC/Garner/125-Whitetail-Deer-Ln-27529/home/145247209,TMLS,2181643,N,Y,35.67671,-78.62226
MLS Listing,,Single Family Residential,5417 Dorcas St,Raleigh,NC,27606-1323,314900,3,3.0,Mount Vernon,1744,13939,2018,44,181,,Active,,,http://www.redfin.com/NC/Raleigh/5417-Dorcas-St-27606/home/145246675,TMLS,2181593,N,Y,35.7913087,-78.7175083
MLS Listing,,Single Family Residential,102 Large Oaks Dr,Cary,NC,27518,389000,4,3.0,Camden Forest,2541,18295,1997,45,153,18,Active,,,http://www.redfin.com/NC/Cary/102-Large-Oaks-Dr-27518/home/41203153,TMLS,2181509,N,Y,35.7368513,-78.7511853
MLS Listing,,Single Family Residential,2725 Rothgeb Dr,Raleigh,NC,27609,399900,3,2.0,White Oak,1275,14810,1957,46,314,,Active,,,http://www.redfin.com/NC/Raleigh/2725-Rothgeb-Dr-27609/home/41090469,TMLS,2181156,N,Y,35.8207512,-78.6434864
MLS Listing,,Single Family Residential,200 Oakton Ridge Pl,Garner,NC,27529,264990,3,3.0,Wake,1890,10454,2018,47,140,28,Active,,,http://www.redfin.com/NC/Garner/200-Oakton-Ridge-Pl-27529/home/145236277,TMLS,2181086,N,Y,35.696245000001,-78.599685000074
MLS Listing,,Single Family Residential,716 Silverleaf Pl,Raleigh,NC,27609,325000,3,2.0,Cedar Hills Estates,1718,14374,1973,47,189,,Active,,,http://www.redfin.com/NC/Raleigh/716-Silver-Leaf-Pl-27609/home/41119122,TMLS,2181065,N,Y,35.8582777,-78.6254753
MLS Listing,,Single Family Residential,904 Maynard Creek Ct,Cary,NC,27513,399000,5,3.0,Wake,2821,10018,2014,47,141,132,Active,,,http://www.redfin.com/NC/Cary/904-Maynard-Creek-Ct-27513/home/59280556,TMLS,2181008,N,Y,35.7978725,-78.764676
MLS Listing,,Single Family Residential,700 Bailey Dr,Raleigh,NC,27610,265000,3,2.0,Rochester Heights,1213,10454,1960,48,218,,Active,,,http://www.redfin.com/NC/Raleigh/700-Bailey-Dr-27610/home/41069438,TMLS,2180841,N,Y,35.7560463,-78.6281483
MLS Listing,,Single Family Residential,101 Maltland Dr,Cary,NC,27518,385000,4,3.0,Edinborough Pointe,2514,15246,1994,49,153,8,Active,,,http://www.redfin.com/NC/Cary/101-Maltland-Dr-27518/home/41258876,TMLS,2178152,N,Y,35.7248215,-78.7567199
MLS Listing,,Single Family Residential,208 Durington Pl,Cary,NC,27518,369000,4,3.0,Wellington Place,3090,8712,1990,49,119,51,Active,,,http://www.redfin.com/NC/Cary/208-Durington-Pl-27518/home/41183914,TMLS,2172608,N,Y,35.7483968,-78.7554178
MLS Listing,,Single Family Residential,1412 Ivy Ln,Raleigh,NC,27609,365000,4,3.0,Fairfax Hills,1983,20037,1965,50,184,,Active,,,http://www.redfin.com/NC/Raleigh/1412-Ivy-Ln-27609/home/41087544,TMLS,2180632,N,Y,35.8548929,-78.6161334
MLS Listing,,Single Family Residential,8704 Chesley Ct,Raleigh,NC,27613,389900,3,3.0,Stonehenge,2275,25700,1979,50,171,,Active,,,http://www.redfin.com/NC/Raleigh/8704-Chesley-Ct-27613/home/41135761,TMLS,2180592,N,Y,35.8987399,-78.6846874
MLS Listing,,Single Family Residential,7912 Broad St,Raleigh,NC,27613,369000,5,3.0,Parklyn Woods,2880,10890,1996,50,128,,Active,,,http://www.redfin.com/NC/Raleigh/7912-Broad-St-27613/home/41214390,TMLS,2180535,N,Y,35.8912276,-78.6952903
MLS Listing,,Single Family Residential,8692 Forester Ln,Apex,NC,27539,381900,4,4.0,Belmont,2748,13503,2010,51,139,30,Active,,,http://www.redfin.com/NC/Apex/8692-Forester-Ln-27539/home/41303296,TMLS,2180362,N,Y,35.6681986,-78.7489935
MLS Listing,,Single Family Residential,8105 Coleraine Ct,Raleigh,NC,27615,325000,4,3.0,Emerald Chase,2328,14374,1988,51,140,23,Active,,,http://www.redfin.com/NC/Raleigh/8105-Coleraine-Ct-27615/home/41230364,TMLS,2180347,N,Y,35.8934021,-78.6633704
MLS Listing,,Single Family Residential,129 Whitetail Deer Ln,Garner,NC,27529,347908,3,2.0,Wake,1902,8712,2018,51,183,,Active,,,http://www.redfin.com/NC/Garner/129-Whitetail-Deer-Ln-27529/home/145198977,TMLS,2180155,N,Y,35.67691,-78.62224
MLS Listing,,Single Family Residential,4508 Leaf Ct,Raleigh,NC,27612,384900,4,3.0,Birchwood Hills,2284,11325,1965,51,169,,Active,,,http://www.redfin.com/NC/Raleigh/4508-Leaf-Ct-27612/home/41334257,TMLS,2180118,N,Y,35.8434918,-78.6679847
MLS Listing,,Single Family Residential,130 Zulabelle Ct,Garner,NC,27529,299990,4,3.0,Wake,2800,12501,2018,54,107,28,Active,,,http://www.redfin.com/NC/Garner/130-Zulabelle-Ct-27529/home/145165315,TMLS,2179570,N,Y,35.6941012359295,-78.5992920398712
MLS Listing,,Single Family Residential,118 Zulabelle Ct,Garner,NC,27529,298990,4,3.0,Wake,2800,9583,2018,54,107,28,Active,,,http://www.redfin.com/NC/Garner/118-Zulabelle-Ct-27529/home/145164605,TMLS,2179526,N,Y,35.690517425537,-78.612007141113
MLS Listing,,Single Family Residential,109 Covington Chase Ct,Garner,NC,27529,290805,4,3.0,Wake,2508,9408,2018,55,116,54,Active,,,http://www.redfin.com/NC/Garner/109-Covington-Chase-Ct-27529/home/145157133,TMLS,2179452,N,Y,35.712428,-78.618721
MLS Listing,,Single Family Residential,121 Whitetail Deer Ln,Garner,NC,27529,359609,4,3.0,Wake,2558,8712,2018,57,141,,Active,,,http://www.redfin.com/NC/Garner/121-Whitetail-Deer-Ln-27529/home/145133849,TMLS,2179219,N,Y,35.676382227064,-78.622002414921
MLS Listing,,Single Family Residential,112 Zulabelle Ct,Garner,NC,27529,285990,5,3.0,Wake,2495,10018,2018,57,115,28,Active,,,http://www.redfin.com/NC/Garner/112-Zulabelle-Ct-27529/home/145133002,TMLS,2179144,N,Y,35.690517425537,-78.612007141113
MLS Listing,,Single Family Residential,6213 Woodmark Trl,Raleigh,NC,27606,330000,3,3.0,Hunters Ridge,2702,41382,1984,57,122,,Active,,,http://www.redfin.com/NC/Raleigh/6213-Woodmark-Trl-27606/home/41141046,TMLS,2177879,N,Y,35.7052429,-78.7394065
MLS Listing,,Single Family Residential,485 Waterville St,Raleigh,NC,27603,385000,4,3.0,Eagle Ridge,2998,12196,2014,57,128,42,Active,,,http://www.redfin.com/NC/Raleigh/485-Waterville-St-27603/home/52208554,TMLS,2179033,N,Y,35.6747574,-78.6670652
MLS Listing,,Single Family Residential,100 Bonniewood Dr,Cary,NC,27518,349900,4,3.0,Lochmere Highlands,2279,10890,1994,58,154,49,Active,,,http://www.redfin.com/NC/Cary/100-Bonniewood-Dr-27518/home/41190654,TMLS,2178793,N,Y,35.7167083,-78.7734547
MLS Listing,,Single Family Residential,212 Easy Wind Ln,Garner,NC,27529,359900,3,3.0,The Village at Aversboro,2228,5662,2008,59,162,100,Active,,,http://www.redfin.com/NC/Garner/212-Easy-Wind-Ln-27529/home/41322903,TMLS,2178556,N,Y,35.6812271,-78.6177094
MLS Listing,,Single Family Residential,203 Mcknitt Pl,Garner,NC,27529-5250,399900,5,3.0,Heather Woods,3152,15246,2012,64,127,,Active,,,http://www.redfin.com/NC/Garner/203-McKnitt-Pl-27529/home/41362147,TMLS,2177817,N,Y,35.6754894,-78.6139749
MLS Listing,,Single Family Residential,4801 Metcalf Dr,Raleigh,NC,27612,389900,4,3.0,Oak Park,3048,18295,1978,65,128,,Active,,,http://www.redfin.com/NC/Raleigh/4801-Metcalf-Dr-27612/home/41087805,TMLS,2174239,N,Y,35.8466036,-78.7075777
MLS Listing,,Single Family Residential,3811 Yates Mill Trl,Raleigh,NC,27606,340000,3,3.0,Crossings at Tryon,1911,4356,2015,70,178,33,Active,,,http://www.redfin.com/NC/Raleigh/3811-Yates-Mill-Trl-27606/home/41357066,TMLS,2176479,N,Y,35.7456085,-78.7039291
MLS Listing,,Single Family Residential,830 Coleman St,Raleigh,NC,27610,399800,3,3.0,Quarry Hills,1711,4791,2018,71,234,,Active,,,http://www.redfin.com/NC/Raleigh/830-Coleman-St-27610/home/113111245,TMLS,2176324,N,Y,35.768433,-78.622883
MLS Listing,,Single Family Residential,1325 Formal Garden Way,Raleigh,NC,27603,324000,4,3.0,Renaissance Park,2397,3920,2013,71,135,81,Active,,,http://www.redfin.com/NC/Raleigh/1325-Formal-Garden-Way-27603/home/45354324,TMLS,2175482,N,Y,35.7377615,-78.658955
MLS Listing,,Single Family Residential,355 Coalyard Dr,Garner,NC,27529,290000,5,3.0,Bingham Station,3504,11325,2006,72,83,21,Active,,,http://www.redfin.com/NC/Garner/355-Coalyard-Dr-27529/home/41309891,TMLS,2175791,N,Y,35.6707731,-78.58722
MLS Listing,,Single Family Residential,4554 Tall Timber Dr,The Villages,FL,32162,365000,3,2.0,Grand Oaks Manor,1923,5663,2018,73,190,150,Active,,,http://www.redfin.com/FL/The-Villages/4554-Tall-Timber-Dr-32162/home/144945338,Beaches MLS,RX-10409393,N,Y,35.850006,-78.680291
MLS Listing,,Single Family Residential,8500 Clivedon Dr,Raleigh,NC,27615-3990,312500,3,3.0,Durant Quarter,2219,7405,1995,75,141,41,Active,,,http://www.redfin.com/NC/Raleigh/8500-Clivedon-Dr-27615/home/41186300,TMLS,2175271,N,Y,35.8954809,-78.5865997
MLS Listing,,Single Family Residential,1417 Garner Rd,Raleigh,NC,27610,315000,3,3.0,Wake,1248,6969,2018,77,252,,Active,,,http://www.redfin.com/NC/Raleigh/1417-Garner-Rd-27610/home/41083133,TMLS,2174972,N,Y,35.7623997,-78.6312073
MLS Listing,,Single Family Residential,642 Seastone St,Raleigh,NC,27603,310000,4,3.0,Eagle Ridge,2732,19166,2006,85,113,42,Active,,,http://www.redfin.com/NC/Raleigh/642-Seastone-St-27603/home/41256562,TMLS,2173351,N,Y,35.6645783,-78.6748201
MLS Listing,,Single Family Residential,607 Maywood Ave,Raleigh,NC,27603,397000,3,3.0,Caraleigh,1506,1742,2017,86,264,17,Active,,,http://www.redfin.com/NC/Raleigh/607-Maywood-Ave-27603/home/144881256,TMLS,2173325,N,Y,35.7605499,-78.6566577
MLS Listing,,Single Family Residential,3712 Dade St,Raleigh,NC,27612,400000,4,2.0,Beckana,2153,18730,1958,94,186,,Active,,,http://www.redfin.com/NC/Raleigh/3712-Dade-St-27612/home/41110208,TMLS,2171879,N,Y,35.8324685,-78.6693695
MLS Listing,,Single Family Residential,2321 Hinton St,Raleigh,NC,27612,379900,3,3.0,Wake,2391,5662,2018,107,159,,Active,,,http://www.redfin.com/NC/Raleigh/2321-Hinton-St-27612/home/41112134,TMLS,2169623,N,Y,35.8718695,-78.6813338
MLS Listing,,Single Family Residential,8204 Old Deer Trl,Raleigh,NC,27615,362000,4,3.0,Summerfield North,2590,11325,1984,107,140,39,Active,,,http://www.redfin.com/NC/Raleigh/8204-Old-Deer-Trl-27615/home/41153438,TMLS,2169550,N,Y,35.8893141,-78.6416247
MLS Listing,,Single Family Residential,167 Valleycruise Cir,Garner,NC,27529,389900,4,3.0,The Glens at Bethel,2890,9583,2018,108,135,45,Active,May-26-2018 12:00 PM,May-26-2018 05:00 PM,http://www.redfin.com/NC/Garner/167-Valleycruise-Cir-27529/unit-12/home/56506198,TMLS,2169242,N,Y,35.66797,-78.599997
MLS Listing,,Single Family Residential,2102 Manuel St,Raleigh,NC,27612,400000,4,3.0,Beckana,2207,13939,1952,121,181,,Active,,,http://www.redfin.com/NC/Raleigh/2102-Manuel-St-27612/home/41076743,TMLS,2167651,N,Y,35.8307354,-78.673453
MLS Listing,,Single Family Residential,1539 1/2 Battery Dr,Raleigh,NC,27610,389900,3,3.0,Battery Heights,1520,4356,2017,121,257,,Active,,,http://www.redfin.com/NC/Raleigh/1539-Battery-Dr-27610/home/144378011,TMLS,2167542,N,Y,35.776423,-78.6147639
MLS Listing,,Single Family Residential,1029 Mills St,Raleigh,NC,27608,269900,3,2.0,Forest Acres,1231,6098,1992,130,219,,Active,,,http://www.redfin.com/NC/Raleigh/1029-Mills-St-27608/home/41095515,TMLS,2165642,N,Y,35.811147,-78.6221684
MLS Listing,,Single Family Residential,113 Vandora Hills Pl,Garner,NC,27529,296870,4,3.0,Wake,2508,14461,2018,150,118,54,Active,,,http://www.redfin.com/NC/Garner/113-Forest-Hills-Dr-27529/home/144478764,TMLS,2164383,N,Y,35.712428,-78.618721
MLS Listing,,Single Family Residential,135 Birdo Point Way,Garner,NC,27529,307000,4,4.0,Adams Point,2618,8712,2017,156,117,50,Active,,,http://www.redfin.com/NC/Garner/135-Birdo-Point-Way-27529/home/144450140,TMLS,2163636,N,Y,35.693729829203,-78.6351559833711
MLS Listing,,Single Family Residential,525 S Haywood St,Raleigh,NC,27601,269000,3,2.0,Wake,1185,6969,1910,160,227,,Active,,,http://www.redfin.com/NC/Raleigh/525-S-Haywood-St-27601/home/41068032,TMLS,2163127,N,Y,35.772924,-78.6280824
MLS Listing,,Single Family Residential,1105 Holmes St,Raleigh,NC,27601,300000,3,2.0,Wake,1842,10890,1956,166,163,,Active,,,http://www.redfin.com/NC/Raleigh/1105-Holmes-St-27601/home/41084405,TMLS,2162366,N,Y,35.7663561,-78.6281267
MLS Listing,,Single Family Residential,3200 Caldwell Dr,Raleigh,NC,27607,385000,4,3.0,Meredith Woods,2793,24829,1968,172,138,,Active,,,http://www.redfin.com/NC/Raleigh/3200-Caldwell-Dr-27607/home/41060816,TMLS,2161955,N,Y,35.8100366,-78.6944928
MLS Listing,,Single Family Residential,541 Coalyard Dr,Garner,NC,27529,329900,4,3.0,Tunbridge,2540,12632,2017,172,130,38,Active,,,http://www.redfin.com/NC/Garner/Undisclosed-address-27529/home/143992144,TMLS,2161862,N,Y,35.672139,-78.58296
MLS Listing,,Single Family Residential,180 Tallowwood Dr,Garner,NC,27529,355000,4,4.0,Everwood,2740,12196,2017,172,130,15,Active,,,http://www.redfin.com/NC/Garner/180-Tallowwood-Dr-27529/home/144351878,TMLS,2161840,N,Y,35.6753349,-78.593521
MLS Listing,,Single Family Residential,557 Coalyard Dr,Garner,NC,27529,349900,4,4.0,Tunbridge,2740,13068,2017,173,128,38,Active,,,http://www.redfin.com/NC/Garner/Undisclosed-address-27529/home/143992139,TMLS,2161756,N,Y,35.671919,-78.582417
MLS Listing,,Single Family Residential,580 Coalyard Dr,Garner,NC,27529,359900,4,4.0,Tunbridge,2867,14374,2017,173,126,38,Active,,,http://www.redfin.com/NC/Garner/Undisclosed-address-27529/home/44547580,TMLS,2161752,N,Y,35.670841,-78.582254
MLS Listing,,Single Family Residential,172 Tallowwood Dr,Garner,NC,27529,365000,4,4.0,Everwood,2867,12196,2017,173,127,15,Active,,,http://www.redfin.com/NC/Garner/172-Tallowwood-Dr-27529/home/144091743,TMLS,2161734,N,Y,35.675328,-78.59321
MLS Listing,,Single Family Residential,1400 Opal Ct,Raleigh,NC,27615,315000,4,3.0,Emerald Point,2182,8712,1995,177,144,21,Active,,,http://www.redfin.com/NC/Raleigh/1400-Opal-Ct-27615/home/41200459,TMLS,2161148,N,Y,35.8997512,-78.6634226
MLS Listing,,Single Family Residential,2319 Derby Dr,Raleigh,NC,27610-1741,387000,3,3.0,Longview Park,1581,12196,1953,206,245,,Active,,,http://www.redfin.com/NC/Raleigh/2319-Derby-Dr-27610/home/41109166,TMLS,2156970,N,Y,35.7874772,-78.6062748
MLS Listing,,Single Family Residential,449 Rose Ln,Raleigh,NC,27610,398500,4,3.0,Wake,2409,13068,2018,256,165,,Active,,,http://www.redfin.com/NC/Raleigh/449-Rose-Ln-27610/home/113233660,TMLS,2148416,N,Y,35.7689062,-78.5986005
MLS Listing,,Single Family Residential,223 Oakton Ridge Pl,Garner,NC,27529,290990,4,3.0,Wake,2800,12196,2017,259,104,28,Active,May-13-2018 01:00 PM,May-13-2018 05:00 PM,http://www.redfin.com/NC/Garner/223-Oakton-Ridge-Pl-27529/home/143444405,TMLS,2148020,N,Y,35.69664,-78.59967
MLS Listing,,Single Family Residential,211 Oakton Ridge Pl,Garner,NC,27529,284990,4,3.0,Wake,2635,10454,2017,270,108,28,Active,May-13-2018 01:00 PM,May-13-2018 05:00 PM,http://www.redfin.com/NC/Garner/211-Oakton-Ridge-Pl-27529/home/143303182,TMLS,2146006,N,Y,35.69664,-78.59967
MLS Listing,,Single Family Residential,1510 Battery Dr,Raleigh,NC,27610,369900,3,2.0,Battery Heights,1285,10890,1968,276,288,,Active,,,http://www.redfin.com/NC/Raleigh/1510-Battery-Dr-27610/home/41152869,TMLS,2144936,N,Y,35.7767521,-78.6162214
MLS Listing,,Single Family Residential,800 Crown Crossing Ln,Raleigh,NC,27610,395000,3,3.0,Crown Crossing,2759,12632,2017,289,143,,Active,,,http://www.redfin.com/NC/Raleigh/800-Crown-Crossing-Ln-27610/home/101693809,TMLS,2142348,N,Y,35.7439409,-78.6272395
MLS Listing,,Single Family Residential,116 Tallowwood Dr,Garner,NC,27529-5922,384500,4,3.0,Everwood,3093,26136,2012,295,124,15,Active,,,http://www.redfin.com/NC/Garner/116-Tallowwood-Dr-27529/home/41362019,TMLS,2141383,N,Y,35.6751574,-78.5912122
MLS Listing,,Single Family Residential,204 Summers Walk Cir,Garner,NC,27529,289900,3,2.0,Summers Walk,1800,12632,1996,316,161,18,Active,,,http://www.redfin.com/NC/Garner/204-Summers-Walk-Cir-27529/home/41217197,TMLS,2137291,N,Y,35.679983,-78.6227839
New Construction Plan,,Single Family Residential,Newton,Apex,NC,27539,385990,4,3.0,Blaney Farms,2678,,,,144,,Active,,,http://www.redfin.com/NC/Apex/Blaney-Farms/Newton/home/145583746,NewHomeSource.com,Plan-41249142,N,Y,35.6723428,-78.7170459
New Construction Plan,,Single Family Residential,The Gaston 2585,Cary,NC,27518,381500,3,2.5,Wynwood South,2585,,,,148,,Active,,,http://www.redfin.com/NC/Cary/Wynwood-South/The-Gaston-2585/home/145080042,NewHomeSource.com,Plan-41481330,N,Y,35.754221,-78.753219
New Construction Plan,,Single Family Residential,Pressley II,Apex,NC,27539,395990,4,3.0,Blaney Farms,2865,,,,138,,Active,,,http://www.redfin.com/NC/Apex/Blaney-Farms/Pressley-II/home/102540561,NewHomeSource.com,Plan-41173945,N,Y,35.67526,-78.72154
New Construction Plan,,Single Family Residential,Salisbury,Raleigh,NC,27606,320990,3,2.5,Pipers Crossing,2296,,,,140,,Active,,,http://www.redfin.com/NC/Raleigh/Pipers-Crossing/Salisbury/home/144539987,NewHomeSource.com,Plan-41461085,N,Y,35.74129,-78.741815
New Construction Plan,,Single Family Residential,The Fontana II 2194,Cary,NC,27518,350500,3,2.5,Wynwood South,2194,,,,160,,Active,,,http://www.redfin.com/NC/Cary/Wynwood-South/The-Fontana-II-2194/home/144110514,NewHomeSource.com,Plan-41424394,N,Y,35.754221,-78.753219
New Construction Plan,,Single Family Residential,McCauly,Raleigh,NC,27606,364990,4,3.0,Pipers Grove,2505,,,,146,,Active,,,http://www.redfin.com/NC/Raleigh/Pipers-Grove/McCauly/home/144721373,NewHomeSource.com,Plan-41461004,N,Y,35.741299,-78.742491
New Construction Plan,,Single Family Residential,The Hickory II 2749,Cary,NC,27518,385500,4,2.5,Wynwood South,2749,,,,140,,Active,,,http://www.redfin.com/NC/Cary/Wynwood-South/The-Hickory-II-2749/home/144110516,NewHomeSource.com,Plan-41424392,N,Y,35.754221,-78.753219
New Construction Plan,,Single Family Residential,The Jordan II 2434,Cary,NC,27518,370500,3,2.5,Wynwood South,2434,,,,152,,Active,,,http://www.redfin.com/NC/Cary/Wynwood-South/The-Jordan-II-2434/home/144110515,NewHomeSource.com,Plan-41424393,N,Y,35.754221,-78.753219
New Construction Plan,,Single Family Residential,The McIntosh,Garner,NC,27529,281900,4,3.5,Vandora West,2809,,,,100,,Active,,,http://www.redfin.com/NC/Garner/Vandora-West/The-McIntosh/home/143985245,NewHomeSource.com,Plan-41398980,N,Y,35.712428,-78.618721
New Construction Plan,,Single Family Residential,The McPherson,Garner,NC,27529,260900,4,2.5,Vandora West,2234,,,,117,,Active,,,http://www.redfin.com/NC/Garner/Vandora-West/The-McPherson/home/143985244,NewHomeSource.com,Plan-41398981,N,Y,35.712428,-78.618721
New Construction Plan,,Single Family Residential,The Greenbrier,Garner,NC,27529,256900,3,2.5,Vandora West,2171,,,,118,,Active,,,http://www.redfin.com/NC/Garner/Vandora-West/The-Greenbrier/home/143985246,NewHomeSource.com,Plan-41398979,N,Y,35.712428,-78.618721
New Construction Plan,,Single Family Residential,The Addison,Garner,NC,27529,261900,3,2.5,Vandora West,2279,,,,115,,Active,,,http://www.redfin.com/NC/Garner/Vandora-West/The-Addison/home/143985247,NewHomeSource.com,Plan-41398978,N,Y,35.712428,-78.618721
New Construction Plan,,Single Family Residential,The Carlyle,Garner,NC,27529,259900,3,2.5,Vandora West,2144,,,,121,,Active,,,http://www.redfin.com/NC/Garner/Vandora-West/The-Carlyle/home/143985249,NewHomeSource.com,Plan-41398976,N,Y,35.712428,-78.618721
New Construction Plan,,Single Family Residential,The Buffington,Garner,NC,27529,266900,4,2.5,Vandora West,2508,,,,106,,Active,,,http://www.redfin.com/NC/Garner/Vandora-West/The-Buffington/home/143985250,NewHomeSource.com,Plan-41398975,N,Y,35.712428,-78.618721
New Construction Plan,,Single Family Residential,Oakwood,Raleigh,NC,27603,297990,3,2.5,Cypress Meadow,2390,,,,125,,Active,,,http://www.redfin.com/NC/Raleigh/Cypress-Meadow/Oakwood/home/104395803,NewHomeSource.com,Plan-41219564,N,Y,35.6628868,-78.6979645
New Construction Plan,,Single Family Residential,Stratford,Raleigh,NC,27603,322990,5,3.0,Cypress Meadow,3192,,,,101,,Active,,,http://www.redfin.com/NC/Raleigh/Cypress-Meadow/Stratford/home/104395807,NewHomeSource.com,Plan-41165721,N,Y,35.6628868,-78.6979645
New Construction Plan,,Single Family Residential,Concord,Raleigh,NC,27603,277990,3,2.5,Cypress Meadow,2066,,,,135,,Active,,,http://www.redfin.com/NC/Raleigh/Cypress-Meadow/Concord/home/104395806,NewHomeSource.com,Plan-41165722,N,Y,35.6628868,-78.6979645
New Construction Plan,,Single Family Residential,Somerset,Raleigh,NC,27603,313990,4,3.0,Cypress Meadow,2883,,,,109,,Active,,,http://www.redfin.com/NC/Raleigh/Cypress-Meadow/Somerset/home/104395805,NewHomeSource.com,Plan-41165723,N,Y,35.6628868,-78.6979645
New Construction Plan,,Single Family Residential,Lexington,Raleigh,NC,27603,313990,4,2.5,Cypress Meadow,2853,,,,110,,Active,,,http://www.redfin.com/NC/Raleigh/Cypress-Meadow/Lexington/home/104395810,NewHomeSource.com,Plan-41165719,N,Y,35.6628868,-78.6979645
New Construction Plan,,Single Family Residential,Hamilton,Raleigh,NC,27603,291990,3,2.5,Cypress Meadow,2336,,,,125,,Active,,,http://www.redfin.com/NC/Raleigh/Cypress-Meadow/Hamilton/home/104395811,NewHomeSource.com,Plan-41165717,N,Y,35.6628868,-78.6979645
New Construction Plan,,Single Family Residential,Ashcroft,Garner,NC,27529,259900,4,3.0,Mason Park,2370,,,,110,,Active,,,http://www.redfin.com/NC/Garner/Mason-Park/Ashcroft/home/144445896,NewHomeFeed,Plan-384886,N,Y,35.7112642,-78.6141709
New Construction Plan,,Single Family Residential,Aspen,Garner,NC,27529,277900,4,3.5,Mason Park,2611,,,,106,,Active,,,http://www.redfin.com/NC/Garner/Mason-Park/Aspen/home/144445895,NewHomeFeed,Plan-384888,N,Y,35.7112642,-78.6141709
New Construction Plan,,Single Family Residential,Beaumont,Garner,NC,27529,254900,4,3.0,Mason Park,2313,,,,110,,Active,,,http://www.redfin.com/NC/Garner/Mason-Park/Beaumont/home/144445894,NewHomeFeed,Plan-384890,N,Y,35.7112642,-78.6141709
New Construction Plan,,Single Family Residential,Harper,Garner,NC,27529,256900,4,2.5,Mason Park,2388,,,,108,,Active,,,http://www.redfin.com/NC/Garner/Mason-Park/Harper/home/144445893,NewHomeFeed,Plan-384891,N,Y,35.7112642,-78.6141709
New Construction Plan,,Single Family Residential,Nichols,Garner,NC,27529,275900,5,3.0,Mason Park,2750,,,,100,,Active,,,http://www.redfin.com/NC/Garner/Mason-Park/Nichols/home/144445891,NewHomeFeed,Plan-384898,N,Y,35.7112642,-78.6141709
New Construction Plan,,Single Family Residential,Aberdeen,Garner,NC,27529,255990,3,2.0,Preakness Place,1903,,,,135,,Active,,,http://www.redfin.com/NC/Garner/Preakness-Place/Aberdeen/home/144975896,DR Horton,Plan-384069,N,Y,35.694752,-78.60000239
New Construction Plan,,Single Family Residential,The Donna,Garner,NC,27529,322500,4,2.5,Tunbridge,2540,,,,127,,Active,,,http://www.redfin.com/NC/Garner/Tunbridge/The-Donna/home/143992143,NewHomeFeed,Plan-378233,N,Y,35.671874,-78.58442
New Construction Plan,,Single Family Residential,The Burke,Garner,NC,27529,339500,4,3.5,Tunbridge,2702,,,,126,,Active,,,http://www.redfin.com/NC/Garner/Tunbridge/The-Burke/home/143992141,NewHomeFeed,Plan-378234,N,Y,35.671874,-78.58442
New Construction Plan,,Single Family Residential,The Mayview,Garner,NC,27529,355500,4,3.5,Tunbridge,2616,,,,136,,Active,,,http://www.redfin.com/NC/Garner/Tunbridge/The-Mayview/home/143992140,NewHomeFeed,Plan-378235,N,Y,35.671874,-78.58442
New Construction Plan,,Single Family Residential,The Huxley,Garner,NC,27529,342900,4,3.5,Tunbridge,2414,,,,142,,Active,,,http://www.redfin.com/NC/Garner/Tunbridge/The-Huxley/home/143992138,NewHomeFeed,Plan-378236,N,Y,35.671874,-78.58442
New Construction Plan,,Single Family Residential,The Kingsford,Garner,NC,27529,361900,4,3.0,Tunbridge,3105,,,,117,,Active,,,http://www.redfin.com/NC/Garner/Tunbridge/The-Kingsford/home/143992137,NewHomeFeed,Plan-378240,N,Y,35.671874,-78.58442
New Construction Plan,,Single Family Residential,The Asher,Garner,NC,27529,338900,4,3.5,Tunbridge,2694,,,,126,,Active,,,http://www.redfin.com/NC/Garner/Tunbridge/The-Asher/home/143992135,NewHomeFeed,Plan-378242,N,Y,35.671874,-78.58442
New Construction Plan,,Single Family Residential,The Tyler,Garner,NC,27529,339900,4,3.5,Tunbridge,2783,,,,122,,Active,,,http://www.redfin.com/NC/Garner/Tunbridge/The-Tyler/home/143992134,NewHomeFeed,Plan-378304,N,Y,35.671874,-78.58442
New Construction Plan,,Single Family Residential,Biltmore,Garner,NC,27529,262990,4,2.5,Preakness Place,2635,,,,100,,Active,,,http://www.redfin.com/NC/Garner/Preakness-Place/Biltmore/home/144975908,DR Horton,Plan-367273,N,Y,35.694752,-78.60000239
New Construction Plan,,Single Family Residential,Charleston,Garner,NC,27529,256990,4,2.5,Preakness Place,2495,,,,103,,Active,,,http://www.redfin.com/NC/Garner/Preakness-Place/Charleston/home/144975906,DR Horton,Plan-367274,N,Y,35.694752,-78.60000239
New Construction Plan,,Single Family Residential,Columbia,Garner,NC,27529,280990,4,3.5,Preakness Place,3142,,,,89,,Active,,,http://www.redfin.com/NC/Garner/Preakness-Place/Columbia/home/144975904,DR Horton,Plan-367275,N,Y,35.694752,-78.60000239
New Construction Plan,,Single Family Residential,Pinehurst,Garner,NC,27529,250990,3,2.5,Preakness Place,2231,,,,113,,Active,,,http://www.redfin.com/NC/Garner/Preakness-Place/Pinehurst/home/144975899,DR Horton,Plan-367280,N,Y,35.694752,-78.60000239
New Construction Plan,,Single Family Residential,Wilmington,Garner,NC,27529,268990,4,2.5,Preakness Place,2800,,,,96,,Active,,,http://www.redfin.com/NC/Garner/Preakness-Place/Wilmington/home/144975898,DR Horton,Plan-367281,N,Y,35.694752,-78.60000239
New Construction Plan,,Single Family Residential,Winston,Garner,NC,27529,263990,3,2.5,Preakness Place,2546,,,,104,,Active,,,http://www.redfin.com/NC/Garner/Preakness-Place/Winston/home/144975897,DR Horton,Plan-367282,N,Y,35.694752,-78.60000239
